flight_time,distance_to_goal,success,collision,termination_reason,gui,walls,hole_width,hole_height,padding,run_id
1.8541666666666614,3.7076740415239477,False,True,collision,False,2,0.35,0.45,0.03,3
1.8541666666666614,3.7076740415239477,False,True,collision,False,2,0.35,0.35,0.03,0
1.8541666666666614,3.7076740415239477,False,True,collision,False,2,0.35,0.35,0.03,3
1.8541666666666614,3.7076740415239477,False,True,collision,False,2,0.35,0.35,0.03,1
1.8541666666666614,3.7076740415239477,False,True,collision,False,2,0.35,0.45,0.03,2
1.8541666666666614,3.7076740415239477,False,True,collision,False,2,0.35,0.35,0.03,4
2.7166666666666965,3.4702712282090453,False,True,collision,False,2,0.35,0.45,0.03,4
1.8541666666666614,3.7076740415239477,False,True,collision,False,2,0.35,0.45,0.03,1
1.8541666666666614,3.7076740415239477,False,True,collision,False,2,0.35,0.35,0.03,2
1.8541666666666614,3.7076740415239477,False,True,collision,False,2,0.35,0.45,0.03,0
7.716666666666549,0.09933726649685275,True,False,goal_reached,False,2,0.35,0.45,0.07,0
5.312500000000019,2.044118530633837,False,True,collision,False,2,0.35,0.35,0.05,0
5.312500000000019,2.044118530633837,False,True,collision,False,2,0.35,0.35,0.05,3
3.795833333333417,1.9479544592585667,False,True,collision,False,2,0.35,0.55,0.03,0
5.312500000000019,2.044118530633837,False,True,collision,False,2,0.35,0.35,0.05,1
3.795833333333417,1.9479544592585667,False,True,collision,False,2,0.35,0.55,0.03,1
5.041666666666701,1.4626173496461143,False,True,collision,False,2,0.35,0.45,0.07,4
1.8291666666666615,3.7147495917486997,False,True,collision,False,2,0.35,0.55,0.03,2
1.8291666666666615,3.7147495917486997,False,True,collision,False,2,0.35,0.55,0.03,4
3.795833333333417,1.9479544592585667,False,True,collision,False,2,0.35,0.55,0.03,3
5.312500000000019,2.044118530633837,False,True,collision,False,2,0.35,0.35,0.05,4
2.1250000000000004,3.575014979106478,False,True,collision,False,2,0.35,0.55,0.05,0
6.0666666666666424,0.09993464532358601,True,False,goal_reached,False,2,0.35,0.55,0.05,1
6.0666666666666424,0.09993464532358601,True,False,goal_reached,False,2,0.35,0.55,0.05,2
3.3500000000000614,1.9386796016403052,False,True,collision,False,2,0.35,0.55,0.05,4
3.85833333333342,1.5356601211471654,False,True,collision,False,2,0.35,0.55,0.07,0
8.262499999999852,0.09810910585140618,True,False,goal_reached,False,2,0.35,0.55,0.07,1
5.312500000000019,2.044118530633837,False,True,collision,False,2,0.35,0.35,0.05,2
7.845833333333208,0.09942618614857855,True,False,goal_reached,False,2,0.35,0.55,0.05,3
2.5875000000000234,3.3439260060230063,False,True,collision,False,2,0.35,0.65,0.03,0
4.070833333333423,1.6182892924513266,False,True,collision,False,2,0.35,0.55,0.07,4
8.262499999999852,0.09810910585140618,True,False,goal_reached,False,2,0.35,0.55,0.07,2
6.904166666666595,1.9842918941642245,False,True,collision,False,2,0.35,0.45,0.05,0
3.795833333333417,1.9479544592585667,False,True,collision,False,2,0.35,0.65,0.03,1
5.92916666666665,1.7367316257931318,False,True,collision,False,2,0.35,0.65,0.03,2
6.904166666666595,1.9842918941642245,False,True,collision,False,2,0.35,0.45,0.05,3
6.970833333333258,0.09975385818406561,True,False,goal_reached,False,2,0.35,0.65,0.05,0
4.7583333333333835,1.7159172304700268,False,True,collision,False,2,0.35,0.65,0.05,2
5.862499999999987,0.09969364602519394,True,False,goal_reached,False,2,0.35,0.65,0.05,1
8.05416666666653,0.09887146495683,True,False,goal_reached,False,2,0.35,0.65,0.03,4
8.724999999999826,0.09746712844326248,True,False,goal_reached,False,2,0.35,0.45,0.07,2
6.741666666666604,1.154289457321811,False,True,collision,False,2,0.35,0.65,0.03,3
5.862499999999987,0.09969364602519394,True,False,goal_reached,False,2,0.35,0.65,0.05,4
4.329166666666741,2.0528018283730756,False,True,collision,False,2,0.35,0.75,0.03,0
5.862499999999987,0.09969364602519394,True,False,goal_reached,False,2,0.35,0.65,0.07,4
7.22499999999991,0.0982875913596913,True,False,goal_reached,False,2,0.35,0.65,0.07,2
2.241666666666673,3.743199279639347,False,True,collision,False,2,0.35,0.75,0.03,2
4.737500000000051,1.9467231924217485,False,True,collision,False,2,0.35,0.65,0.07,0
8.724999999999826,0.09746712844326248,True,False,goal_reached,False,2,0.35,0.45,0.07,1
2.629166666666692,3.5326969702182125,False,True,collision,False,2,0.35,0.75,0.05,0
6.912499999999928,0.09823558111540164,True,False,goal_reached,False,2,0.35,0.75,0.03,1
6.912499999999928,0.09823558111540164,True,False,goal_reached,False,2,0.35,0.75,0.03,3
5.375000000000015,0.09943391756508047,True,False,goal_reached,False,2,0.35,0.75,0.03,4
6.2333333333333,0.09819211611493847,True,False,goal_reached,False,2,0.35,0.75,0.05,1
6.904166666666595,1.9842918941642245,False,True,collision,False,2,0.35,0.45,0.05,2
5.46250000000001,0.0993039946734965,True,False,goal_reached,False,2,0.35,0.75,0.05,3
5.862499999999987,0.09969364602519394,True,False,goal_reached,False,2,0.35,0.75,0.05,2
5.241666666666689,0.09837151433770135,True,False,goal_reached,False,2,0.35,0.75,0.05,4
5.241666666666689,0.09837151433770135,True,False,goal_reached,False,2,0.35,0.75,0.07,0
8.495833333333172,1.8518971096602594,False,True,collision,False,2,0.35,0.65,0.07,3
4.466666666666733,2.0290825179704837,False,True,collision,False,2,0.35,0.75,0.07,2
6.904166666666595,1.9842918941642245,False,True,collision,False,2,0.35,0.45,0.05,1
2.3250000000000104,3.5568675740516538,False,True,collision,False,2,0.45,0.35,0.03,3
5.862499999999987,0.09969364602519394,True,False,goal_reached,False,2,0.35,0.75,0.07,3
6.904166666666595,1.9842918941642245,False,True,collision,False,2,0.35,0.45,0.05,4
6.912499999999928,0.09823558111540164,True,False,goal_reached,False,2,0.45,0.35,0.03,0
5.208333333333358,1.3982857360880188,False,True,collision,False,2,0.45,0.35,0.03,2
7.741666666666547,0.09764767134193739,True,False,goal_reached,False,2,0.35,0.75,0.07,1
5.208333333333358,1.3982857360880188,False,True,collision,False,2,0.45,0.35,0.03,1
5.512500000000007,0.09951067504649264,True,False,goal_reached,False,2,0.35,0.75,0.07,4
4.270833333333411,1.4083460504304202,False,True,collision,False,2,0.45,0.35,0.03,4
5.8833333333333195,2.043127635848106,False,True,collision,False,2,0.35,0.35,0.07,1
9.041666666666474,0.09858693706936313,True,False,goal_reached,False,2,0.35,0.65,0.05,3
5.8833333333333195,2.043127635848106,False,True,collision,False,2,0.35,0.35,0.07,3
5.8833333333333195,2.043127635848106,False,True,collision,False,2,0.35,0.35,0.07,4
1.6041666666666623,3.7153707104226386,False,True,collision,False,2,0.45,0.45,0.03,1
5.8833333333333195,2.043127635848106,False,True,collision,False,2,0.35,0.35,0.07,2
2.495833333333352,3.2062438984969206,False,True,collision,False,2,0.45,0.45,0.03,0
7.504166666666561,0.09930094847685139,True,False,goal_reached,False,2,0.45,0.35,0.05,0
5.237500000000023,0.09849072808696258,True,False,goal_reached,False,2,0.45,0.35,0.05,4
5.8833333333333195,2.043127635848106,False,True,collision,False,2,0.35,0.35,0.07,0
2.495833333333352,3.2062438984969206,False,True,collision,False,2,0.45,0.45,0.03,2
8.724999999999826,0.09746712844326248,True,False,goal_reached,False,2,0.35,0.45,0.07,3
7.504166666666561,0.09930094847685139,True,False,goal_reached,False,2,0.45,0.35,0.05,3
2.495833333333352,3.2062438984969206,False,True,collision,False,2,0.45,0.45,0.03,3
2.504166666666686,3.2079057002342166,False,True,collision,False,2,0.45,0.45,0.05,0
2.504166666666686,3.2079057002342166,False,True,collision,False,2,0.45,0.45,0.05,4
5.954166666666649,1.5130966769946523,False,True,collision,False,2,0.45,0.45,0.03,4
9.166666666666467,0.1401435534715567,False,False,path_finished,False,2,0.45,0.35,0.05,1
1.7083333333333286,4.06227863638724,False,True,collision,False,2,0.45,0.45,0.05,2
6.912499999999928,0.09823558111540164,True,False,goal_reached,False,2,0.45,0.45,0.05,1
6.912499999999928,0.09823558111540164,True,False,goal_reached,False,2,0.45,0.45,0.07,0
6.2333333333333,0.09917715260185662,True,False,goal_reached,False,2,0.45,0.45,0.07,1
4.475000000000066,2.1412769009123127,False,True,collision,False,2,0.45,0.45,0.05,3
4.12083333333342,2.054129806889681,False,True,collision,False,2,0.45,0.35,0.07,4
6.912499999999928,0.09823558111540164,True,False,goal_reached,False,2,0.45,0.45,0.07,3
3.3416666666667276,1.8484813242425058,False,True,collision,False,2,0.45,0.55,0.03,1
5.774999999999992,1.6828313452545558,False,True,collision,False,2,0.45,0.45,0.07,4
9.916666666666424,0.09971935836896856,True,False,goal_reached,False,2,0.35,0.55,0.07,3
6.704166666666606,0.09912170682710063,True,False,goal_reached,False,2,0.45,0.55,0.03,0
1.845833333333328,4.042765564586955,False,True,collision,False,2,0.45,0.55,0.05,2
5.241666666666689,0.09837151433770135,True,False,goal_reached,False,2,0.45,0.55,0.03,4
5.241666666666689,0.09837151433770135,True,False,goal_reached,False,2,0.45,0.55,0.05,0
4.9333333333333735,1.3726069808403267,False,True,collision,False,2,0.45,0.55,0.05,1
6.033333333333311,0.09976609978496288,True,False,goal_reached,False,2,0.45,0.55,0.03,3
5.858333333333321,0.09928551347076774,True,False,goal_reached,False,2,0.45,0.55,0.03,2
3.6750000000000775,1.5843434325049928,False,True,collision,False,2,0.45,0.55,0.07,2
7.712499999999882,0.09937455658935036,True,False,goal_reached,False,2,0.45,0.35,0.07,0
5.241666666666689,0.09837151433770135,True,False,goal_reached,False,2,0.45,0.55,0.05,4
6.4166666666666226,0.09778147239468923,True,False,goal_reached,False,2,0.45,0.55,0.05,3
5.512500000000007,0.09912191365868968,True,False,goal_reached,False,2,0.45,0.55,0.07,0
7.712499999999882,0.09937455658935036,True,False,goal_reached,False,2,0.45,0.35,0.07,2
5.237500000000023,0.09849072808696258,True,False,goal_reached,False,2,0.45,0.55,0.07,1
1.499999999999996,3.9879417959472434,False,True,collision,False,2,0.45,0.65,0.05,0
5.425000000000012,0.09808218143508439,True,False,goal_reached,False,2,0.45,0.55,0.07,3
6.133333333333305,0.09989209284796485,True,False,goal_reached,False,2,0.45,0.65,0.03,2
4.637500000000057,1.9287739237305659,False,True,collision,False,2,0.45,0.65,0.03,3
5.395833333333347,1.425067766975655,False,True,collision,False,2,0.45,0.65,0.03,1
4.8166666666667135,1.7047078505489985,False,True,collision,False,2,0.45,0.65,0.03,4
5.395833333333347,1.425067766975655,False,True,collision,False,2,0.45,0.65,0.03,0
6.0958333333333075,0.09816466571300969,True,False,goal_reached,False,2,0.45,0.65,0.05,3
5.899999999999985,1.8083729722199595,False,True,collision,False,2,0.45,0.35,0.05,2
5.395833333333347,1.425067766975655,False,True,collision,False,2,0.45,0.65,0.05,2
6.8916666666665956,0.09824224048735669,True,False,goal_reached,False,2,0.45,0.65,0.07,2
7.34166666666657,0.09696250504574921,True,False,goal_reached,False,2,0.45,0.65,0.07,1
2.2833333333333417,3.265413971879519,False,True,collision,False,2,0.45,0.75,0.03,2
2.0208333333333286,3.9526482698849894,False,True,collision,False,2,0.45,0.75,0.05,1
5.2333333333333565,0.09878675218043728,True,False,goal_reached,False,2,0.45,0.75,0.03,3
5.2333333333333565,0.09878675218043728,True,False,goal_reached,False,2,0.45,0.75,0.03,1
5.445833333333344,1.3157808279039984,False,True,collision,False,2,0.45,0.65,0.07,4
6.074999999999975,1.5959900390625785,False,True,collision,False,2,0.45,0.75,0.03,0
5.6499999999999995,1.710081323816972,False,True,collision,False,2,0.45,0.75,0.03,4
4.595833333333393,1.5477677672847012,False,True,collision,False,2,0.45,0.65,0.05,4
6.479166666666619,0.09780885373053319,True,False,goal_reached,False,2,0.45,0.65,0.07,3
2.4541666666666835,3.2376693620665016,False,True,collision,False,2,0.55,0.35,0.03,1
7.179166666666579,0.09904697678641292,True,False,goal_reached,False,2,0.45,0.75,0.05,0
5.375000000000015,2.088970369379593,False,True,collision,False,2,0.45,0.75,0.05,4
4.666666666666722,0.09925638147006492,True,False,goal_reached,False,2,0.45,0.75,0.07,0
5.11250000000003,0.09987964439238964,True,False,goal_reached,False,2,0.45,0.75,0.07,2
7.845833333333208,0.09719568707407812,True,False,goal_reached,False,2,0.45,0.75,0.05,2
5.11250000000003,0.09987964439238964,True,False,goal_reached,False,2,0.45,0.75,0.07,1
4.945833333333373,2.020056674578292,False,True,collision,False,2,0.45,0.35,0.07,1
1.9166666666666612,4.075970760232277,False,True,collision,False,2,0.55,0.35,0.03,2
4.52916666666673,1.8214878560139454,False,True,collision,False,2,0.55,0.35,0.03,4
6.249999999999965,0.11888454168546682,False,False,path_finished,False,2,0.45,0.75,0.07,4
5.075000000000032,1.6131755440698767,False,True,collision,False,2,0.55,0.35,0.03,0
4.041666666666758,1.5619236106047276,False,True,collision,False,2,0.55,0.35,0.05,3
2.2250000000000054,2.933890152708818,False,True,collision,False,2,0.55,0.35,0.07,3
6.312499999999962,0.09819587161396855,True,False,goal_reached,False,2,0.55,0.35,0.05,0
5.250000000000022,0.09808706701010833,True,False,goal_reached,False,2,0.55,0.35,0.07,2
5.166666666666694,1.6960418268953272,False,True,collision,False,2,0.55,0.35,0.05,1
1.3833333333333298,3.9257383069062928,False,True,collision,False,2,0.55,0.45,0.03,2
4.362500000000073,1.2429485671394662,False,True,collision,False,2,0.55,0.35,0.07,1
6.620833333333278,0.09713652318711677,True,False,goal_reached,False,2,0.55,0.35,0.03,3
2.933333333333374,3.234812352859745,False,True,collision,False,2,0.55,0.45,0.03,0
7.291666666666573,0.09988541722574014,True,False,goal_reached,False,2,0.55,0.35,0.07,0
7.912499999999871,0.09955783875023773,True,False,goal_reached,False,2,0.55,0.35,0.07,4
7.57499999999989,0.09846104321047398,True,False,goal_reached,False,2,0.55,0.35,0.05,2
7.57499999999989,0.09846104321047398,True,False,goal_reached,False,2,0.55,0.35,0.05,4
4.795833333333381,0.0965673978156156,True,False,goal_reached,False,2,0.55,0.45,0.03,3
4.833333333333379,1.5896200442314756,False,True,collision,False,2,0.55,0.45,0.03,1
2.470833333333351,3.258161162193484,False,True,collision,False,2,0.55,0.45,0.05,4
3.92500000000009,2.1241298737307472,False,True,collision,False,2,0.55,0.45,0.03,4
5.179166666666693,0.09806457778685015,True,False,goal_reached,False,2,0.55,0.45,0.05,3
5.1458333333333615,1.3916254903796474,False,True,collision,False,2,0.55,0.45,0.07,0
5.554166666666672,0.09950660208965285,True,False,goal_reached,False,2,0.55,0.45,0.07,1
1.9499999999999944,3.829538620269775,False,True,collision,False,2,0.45,0.75,0.05,3
9.633333333333107,0.0991730444698634,True,False,goal_reached,False,2,0.45,0.45,0.07,2
5.554166666666672,0.09950660208965285,True,False,goal_reached,False,2,0.55,0.45,0.07,2
2.408333333333348,3.7493272560265667,False,True,collision,False,2,0.55,0.55,0.03,2
6.595833333333279,0.09774606490665508,True,False,goal_reached,False,2,0.55,0.55,0.03,0
8.83749999999982,0.09843830215263737,True,False,goal_reached,False,2,0.55,0.45,0.05,1
6.108333333333307,1.6042084316409424,False,True,collision,False,2,0.45,0.55,0.07,4
5.954166666666649,1.5130966769946523,False,True,collision,False,2,0.55,0.55,0.03,1
4.575000000000061,1.2772019297309898,False,True,collision,False,2,0.55,0.55,0.03,4
7.374999999999901,0.09968227951218549,True,False,goal_reached,False,2,0.55,0.45,0.07,3
5.937499999999983,0.09780376208420054,True,False,goal_reached,False,2,0.55,0.55,0.05,0
8.154166666666525,0.09976785077968024,True,False,goal_reached,False,2,0.55,0.45,0.07,4
4.233333333333413,1.962740028669838,False,True,collision,False,2,0.55,0.55,0.05,4
4.170833333333417,1.3694456888118207,False,True,collision,False,2,0.55,0.45,0.05,2
3.3791666666667295,1.8873353530591708,False,True,collision,False,2,0.55,0.55,0.07,2
6.870833333333263,0.09749474854005627,True,False,goal_reached,False,2,0.55,0.55,0.05,2
4.41250000000007,2.111003975660751,False,True,collision,False,2,0.55,0.55,0.07,3
1.5333333333333292,3.956976632479479,False,True,collision,False,2,0.55,0.65,0.03,1
1.941666666666661,3.982063246292107,False,True,collision,False,2,0.55,0.65,0.03,3
7.245833333333242,0.09728807850357508,True,False,goal_reached,False,2,0.55,0.55,0.05,3
5.787499999999992,0.09871680586528692,True,False,goal_reached,False,2,0.55,0.55,0.05,1
5.92916666666665,2.0993004405575406,False,True,collision,False,2,0.55,0.55,0.07,0
6.370833333333292,0.09802561766372737,True,False,goal_reached,False,2,0.55,0.65,0.03,2
4.591666666666726,1.4164526160997326,False,True,collision,False,2,0.55,0.55,0.07,1
5.937499999999983,0.09780376208420054,True,False,goal_reached,False,2,0.55,0.65,0.03,4
5.050000000000034,1.993003512158228,False,True,collision,False,2,0.55,0.65,0.05,3
7.245833333333242,0.09728807850357508,True,False,goal_reached,False,2,0.55,0.65,0.05,2
4.191666666666749,1.7450553465024257,False,True,collision,False,2,0.55,0.65,0.07,1
2.666666666666694,3.192496698714373,False,True,collision,False,2,0.55,0.75,0.03,0
7.479166666666562,1.638417672203156,False,True,collision,False,2,0.55,0.65,0.03,0
6.791666666666601,0.09813527641528084,True,False,goal_reached,False,2,0.55,0.65,0.05,1
3.8166666666667513,1.552335593392008,False,True,collision,False,2,0.55,0.65,0.07,4
5.874999999999987,0.09934275046191529,True,False,goal_reached,False,2,0.55,0.65,0.07,2
1.5333333333333292,3.956976632479479,False,True,collision,False,2,0.55,0.75,0.03,4
4.175000000000083,1.8050370405171159,False,True,collision,False,2,0.55,0.75,0.03,3
6.29166666666663,0.09700583838167595,True,False,goal_reached,False,2,0.55,0.75,0.03,2
5.441666666666678,0.09888403180207374,True,False,goal_reached,False,2,0.55,0.75,0.03,1
4.604166666666726,1.4109483933702607,False,True,collision,False,2,0.55,0.65,0.07,0
6.895833333333262,0.0965598572777821,True,False,goal_reached,False,2,0.55,0.65,0.07,3
5.583333333333337,0.09638596994898639,True,False,goal_reached,False,2,0.55,0.75,0.05,0
4.366666666666739,1.6031135173369366,False,True,collision,False,2,0.55,0.75,0.05,2
6.6291666666666105,1.640524487335451,False,True,collision,False,2,0.55,0.65,0.05,0
7.137499999999915,0.09955428983498422,True,False,goal_reached,False,2,0.55,0.75,0.05,1
5.166666666666694,0.09940264832543372,True,False,goal_reached,False,2,0.55,0.75,0.05,4
5.837499999999989,0.09952739819565687,True,False,goal_reached,False,2,0.55,0.75,0.05,3
4.7000000000000535,0.09795002519214442,True,False,goal_reached,False,2,0.55,0.75,0.07,4
5.491666666666675,1.6035709025108256,False,True,collision,False,2,0.55,0.75,0.07,3
2.7458333333333647,4.031707509693594,False,True,collision,False,2,0.65,0.35,0.03,0
6.020833333333312,0.0983696911224822,True,False,goal_reached,False,2,0.55,0.75,0.07,2
6.870833333333263,0.09725471469845698,True,False,goal_reached,False,2,0.55,0.75,0.07,1
4.083333333333422,1.5290006087323942,False,True,collision,False,2,0.65,0.35,0.03,2
4.650000000000056,1.870732546462026,False,True,collision,False,2,0.65,0.35,0.05,0
7.0458333333332535,0.09953991596367734,True,False,goal_reached,False,2,0.55,0.75,0.07,0
6.262499999999965,0.09914492564445611,True,False,goal_reached,False,2,0.65,0.35,0.03,4
6.4166666666666226,0.09989363564289107,True,False,goal_reached,False,2,0.55,0.65,0.05,4
4.445833333333401,1.9804160746765456,False,True,collision,False,2,0.65,0.35,0.05,3
5.066666666666699,1.5055096336587066,False,True,collision,False,2,0.65,0.35,0.03,1
5.633333333333334,0.09901793086281009,True,False,goal_reached,False,2,0.65,0.35,0.05,2
5.1458333333333615,1.3916254903796474,False,True,collision,False,2,0.65,0.35,0.07,2
5.22916666666669,0.09949153494640585,True,False,goal_reached,False,2,0.65,0.35,0.07,3
5.970833333333315,0.09991702156490602,True,False,goal_reached,False,2,0.65,0.35,0.07,4
8.583333333333167,0.0991240556134655,True,False,goal_reached,False,2,0.65,0.35,0.05,1
2.9541666666667084,3.370897132303345,False,True,collision,False,2,0.65,0.35,0.05,4
5.633333333333334,0.09875841126341167,True,False,goal_reached,False,2,0.65,0.45,0.03,2
2.6916666666666953,3.200234174808266,False,True,collision,False,2,0.65,0.45,0.03,0
2.570833333333356,3.740102346133693,False,True,collision,False,2,0.65,0.45,0.05,3
5.69583333333333,0.09800018240911115,True,False,goal_reached,False,2,0.65,0.45,0.05,0
8.537499999999836,0.09996544480735112,True,False,goal_reached,False,2,0.65,0.35,0.03,3
7.208333333333244,0.09950529068424141,True,False,goal_reached,False,2,0.55,0.55,0.07,4
6.012499999999979,0.0973005321457625,True,False,goal_reached,False,2,0.65,0.45,0.05,2
6.683333333333274,0.09766737371716157,True,False,goal_reached,False,2,0.65,0.35,0.07,0
6.508333333333284,0.09933250321971096,True,False,goal_reached,False,2,0.65,0.45,0.07,3
3.5416666666667376,1.777848988145915,False,True,collision,False,2,0.65,0.45,0.07,1
6.5416666666666154,0.09998971652651706,True,False,goal_reached,False,2,0.65,0.45,0.05,4
5.995833333333313,0.09910513648651229,True,False,goal_reached,False,2,0.65,0.45,0.07,0
5.200000000000025,0.09622928145875592,True,False,goal_reached,False,2,0.65,0.55,0.03,0
2.4291666666666822,3.1636218384746515,False,True,collision,False,2,0.65,0.55,0.03,3
3.7458333333334144,2.0173380184131617,False,True,collision,False,2,0.65,0.55,0.03,4
5.395833333333347,1.4377638633860224,False,True,collision,False,2,0.65,0.55,0.03,1
6.1249999999999725,1.5124895203955344,False,True,collision,False,2,0.65,0.45,0.07,4
4.945833333333373,1.4390454192765194,False,True,collision,False,2,0.65,0.55,0.03,2
5.758333333333327,0.09716537974065595,True,False,goal_reached,False,2,0.65,0.55,0.05,0
6.558333333333281,0.09687525140413729,True,False,goal_reached,False,2,0.65,0.45,0.07,2
5.52083333333334,0.09910260661280197,True,False,goal_reached,False,2,0.65,0.55,0.05,2
5.550000000000005,0.0987676676520882,True,False,goal_reached,False,2,0.65,0.55,0.05,1
6.954166666666592,0.0992251175709857,True,False,goal_reached,False,2,0.65,0.55,0.05,3
5.295833333333353,0.09915708771133935,True,False,goal_reached,False,2,0.65,0.55,0.07,0
5.3500000000000165,0.0997752664791376,True,False,goal_reached,False,2,0.65,0.55,0.07,2
6.420833333333289,0.09755928203773497,True,False,goal_reached,False,2,0.65,0.55,0.07,1
5.4666666666666766,1.3547916166065779,False,True,collision,False,2,0.65,0.55,0.05,4
7.916666666666537,0.15040913566859737,False,False,path_finished,False,2,0.65,0.55,0.07,4
4.041666666666758,1.9559490531594752,False,True,collision,False,2,0.65,0.65,0.03,2
5.4083333333333465,0.09950988065347781,True,False,goal_reached,False,2,0.65,0.65,0.03,1
6.312499999999962,0.09787902353033151,True,False,goal_reached,False,2,0.65,0.65,0.03,0
6.887499999999929,0.09958341207964883,True,False,goal_reached,False,2,0.65,0.55,0.07,3
3.070833333333381,1.9039944398362003,False,True,collision,False,2,0.65,0.65,0.03,3
5.674999999999998,0.09987590017517224,True,False,goal_reached,False,2,0.65,0.65,0.03,4
5.52083333333334,0.09901403591848612,True,False,goal_reached,False,2,0.65,0.65,0.05,0
5.087500000000031,0.09859714816650945,True,False,goal_reached,False,2,0.65,0.65,0.05,2
5.225000000000024,0.09924792272823492,True,False,goal_reached,False,2,0.65,0.65,0.05,4
6.11666666666664,1.6594223302503135,False,True,collision,False,2,0.65,0.65,0.05,3
7.349999999999903,0.09898460366800038,True,False,goal_reached,False,2,0.65,0.65,0.07,1
7.383333333333234,0.09849338885986282,True,False,goal_reached,False,2,0.65,0.65,0.07,0
5.662499999999999,0.09675161358441578,True,False,goal_reached,False,2,0.65,0.65,0.07,3
4.300000000000076,1.254584721670035,False,True,collision,False,2,0.65,0.65,0.05,1
7.212499999999911,0.09730044920593268,True,False,goal_reached,False,2,0.65,0.65,0.07,2
3.8833333333334212,1.802862544838597,False,True,collision,False,2,0.65,0.75,0.03,0
5.341666666666684,0.09722319161291043,True,False,goal_reached,False,2,0.65,0.75,0.03,1
5.3791666666666815,0.09941709768046511,True,False,goal_reached,False,2,0.65,0.75,0.03,2
4.866666666666711,0.09922184655297601,True,False,goal_reached,False,2,0.65,0.75,0.05,0
6.39583333333329,0.09960086911472821,True,False,goal_reached,False,2,0.65,0.75,0.03,3
5.250000000000022,0.09885577004822564,True,False,goal_reached,False,2,0.65,0.75,0.05,1
5.98749999999998,0.09968422709935161,True,False,goal_reached,False,2,0.65,0.75,0.03,4
6.179166666666636,1.2484997255592685,False,True,collision,False,2,0.65,0.65,0.07,4
4.479166666666733,1.5989680239952282,False,True,collision,False,2,0.65,0.75,0.05,2
6.87499999999993,0.09896363347691563,True,False,goal_reached,False,2,0.65,0.75,0.05,4
4.920833333333374,0.09708073618722073,True,False,goal_reached,False,2,0.65,0.75,0.05,3
5.245833333333356,0.09869163001238977,True,False,goal_reached,False,2,0.65,0.75,0.07,0
5.129166666666696,0.09923702360124215,True,False,goal_reached,False,2,0.65,0.75,0.07,2
6.495833333333285,0.09872225205617885,True,False,goal_reached,False,2,0.65,0.75,0.07,1
4.737500000000051,1.4135278778464644,False,True,collision,False,2,0.65,0.75,0.07,3
6.841666666666598,0.09982591341344853,True,False,goal_reached,False,2,0.65,0.75,0.07,4
2.4291666666666822,3.1636218384746515,False,True,collision,False,2,0.75,0.35,0.03,2
2.6541666666666934,3.2545402583978382,False,True,collision,False,2,0.75,0.35,0.03,1
4.620833333333391,2.032159572284358,False,True,collision,False,2,0.75,0.35,0.03,3
6.1541666666666375,0.09911941489636464,True,False,goal_reached,False,2,0.75,0.35,0.05,1
6.649999999999943,1.9423641325946264,False,True,collision,False,2,0.65,0.35,0.07,1
5.629166666666667,0.09694302981549534,True,False,goal_reached,False,2,0.75,0.35,0.05,2
5.57916666666667,0.09945566637860752,True,False,goal_reached,False,2,0.75,0.35,0.05,4
5.183333333333359,0.0986902088930859,True,False,goal_reached,False,2,0.75,0.35,0.07,0
5.266666666666688,1.7613567018642957,False,True,collision,False,2,0.75,0.35,0.05,3
2.033333333333329,3.994430690015418,False,True,collision,False,2,0.75,0.35,0.03,4
3.8333333333334187,1.5878643297627488,False,True,collision,False,2,0.75,0.45,0.03,0
5.966666666666648,1.8205294981090578,False,True,collision,False,2,0.75,0.35,0.05,0
6.837499999999932,0.09919791231220619,True,False,goal_reached,False,2,0.75,0.35,0.07,4
4.675000000000055,1.4844633426895348,False,True,collision,False,2,0.75,0.35,0.07,1
5.770833333333326,0.09887344951029729,True,False,goal_reached,False,2,0.75,0.35,0.07,3
3.829166666666752,1.538842002296589,False,True,collision,False,2,0.75,0.45,0.03,1
5.741666666666661,1.6946181889713055,False,True,collision,False,2,0.75,0.35,0.07,2
2.562500000000022,3.9796682019781486,False,True,collision,False,2,0.75,0.45,0.05,1
7.5208333333332265,0.09899842488070378,True,False,goal_reached,False,2,0.75,0.45,0.03,2
3.6708333333334107,3.619604990991886,False,True,collision,False,2,0.75,0.45,0.03,3
5.6375,0.09921825207020792,True,False,goal_reached,False,2,0.75,0.45,0.05,0
5.300000000000019,0.09990259334377966,True,False,goal_reached,False,2,0.75,0.45,0.03,4
6.229166666666633,0.09852695557148107,True,False,goal_reached,False,2,0.75,0.45,0.05,2
5.133333333333362,0.09921131007009434,True,False,goal_reached,False,2,0.75,0.45,0.07,2
6.079166666666642,0.09979613786803854,True,False,goal_reached,False,2,0.75,0.45,0.05,3
5.9124999999999845,0.099394465379804,True,False,goal_reached,False,2,0.75,0.45,0.05,4
3.9125000000000894,1.7027524486616925,False,True,collision,False,2,0.75,0.45,0.07,0
5.166666666666694,1.4645026636160736,False,True,collision,False,2,0.75,0.45,0.07,1
6.458333333333287,0.09951218812841726,True,False,goal_reached,False,2,0.75,0.45,0.07,3
5.041666666666701,1.8557554794957436,False,True,collision,False,2,0.75,0.55,0.03,0
6.399999999999957,0.09823957270158847,True,False,goal_reached,False,2,0.75,0.45,0.07,4
4.858333333333378,0.09864073657466041,True,False,goal_reached,False,2,0.75,0.55,0.03,1
6.16249999999997,0.09948470718482956,True,False,goal_reached,False,2,0.75,0.55,0.03,3
6.654166666666609,0.09668563106572582,True,False,goal_reached,False,2,0.75,0.55,0.03,2
4.125000000000086,1.3814770378774806,False,True,collision,False,2,0.75,0.55,0.05,0
5.804166666666657,0.09939762065278082,True,False,goal_reached,False,2,0.75,0.55,0.03,4
5.125000000000029,0.09688879275081137,True,False,goal_reached,False,2,0.75,0.55,0.05,2
4.9333333333333735,1.5272142117250969,False,True,collision,False,2,0.75,0.55,0.05,1
6.566666666666614,0.09840206730226056,True,False,goal_reached,False,2,0.75,0.55,0.05,3
4.837500000000046,0.09905864478753451,True,False,goal_reached,False,2,0.75,0.55,0.07,0
6.0666666666666424,0.09996022116041091,True,False,goal_reached,False,2,0.75,0.55,0.05,4
6.899999999999928,0.09944752733818174,True,False,goal_reached,False,2,0.75,0.55,0.07,1
6.037499999999977,0.09833003423778129,True,False,goal_reached,False,2,0.75,0.55,0.07,2
5.2625000000000215,0.09925426137346852,True,False,goal_reached,False,2,0.75,0.55,0.07,4
5.450000000000011,0.09906577775483151,True,False,goal_reached,False,2,0.75,0.65,0.03,0
4.870833333333377,0.0973401103675749,True,False,goal_reached,False,2,0.75,0.65,0.03,2
5.683333333333331,0.09952117003660078,True,False,goal_reached,False,2,0.75,0.65,0.03,3
4.754166666666717,0.0966165909757414,True,False,goal_reached,False,2,0.75,0.65,0.03,4
6.837499999999932,0.09914018831781499,True,False,goal_reached,False,2,0.75,0.55,0.07,3
3.7416666666667475,1.658105507517801,False,True,collision,False,2,0.75,0.65,0.05,0
6.974999999999924,0.09825939938011487,True,False,goal_reached,False,2,0.75,0.65,0.03,1
4.908333333333375,0.0989327831482156,True,False,goal_reached,False,2,0.75,0.65,0.05,3
3.8083333333334175,1.7305137202025351,False,True,collision,False,2,0.75,0.65,0.05,4
5.17083333333336,0.09704405008836595,True,False,goal_reached,False,2,0.75,0.65,0.05,1
5.354166666666683,0.09879856074832201,True,False,goal_reached,False,2,0.75,0.65,0.05,2
5.216666666666691,0.09740816847992194,True,False,goal_reached,False,2,0.75,0.65,0.07,1
5.52083333333334,0.09882329579530015,True,False,goal_reached,False,2,0.75,0.65,0.07,0
1.895833333333328,3.4862623079797883,False,True,collision,False,2,0.75,0.75,0.03,3
4.620833333333391,0.09878365409342085,True,False,goal_reached,False,2,0.75,0.75,0.03,0
7.799999999999877,0.09743871826842165,True,False,goal_reached,False,2,0.75,0.65,0.07,2
5.416666666666679,0.11666447194384194,False,False,path_finished,False,2,0.75,0.65,0.07,4
5.354166666666683,0.09879856074832201,True,False,goal_reached,False,2,0.75,0.65,0.07,3
1.666666666666662,3.9649393595629325,False,True,collision,False,2,0.75,0.75,0.05,2
5.583333333333337,0.09811954469283352,True,False,goal_reached,False,2,0.75,0.75,0.03,1
6.166666666666637,0.09992525759392029,True,False,goal_reached,False,2,0.75,0.75,0.03,2
5.583333333333337,0.09915282053036387,True,False,goal_reached,False,2,0.75,0.75,0.03,4
6.029166666666645,0.09764295887243729,True,False,goal_reached,False,2,0.75,0.75,0.05,1
6.099999999999974,0.09704655285691716,True,False,goal_reached,False,2,0.75,0.75,0.05,4
5.583333333333337,0.09811954469283352,True,False,goal_reached,False,2,0.75,0.75,0.05,3
7.083333333333251,0.154388691167158,False,False,path_finished,False,2,0.75,0.75,0.05,0
5.220833333333357,0.09814132205602523,True,False,goal_reached,False,2,0.75,0.75,0.07,0
3.862500000000087,1.419235981541958,False,True,collision,False,2,0.75,0.75,0.07,2
5.741666666666661,0.09866258244854685,True,False,goal_reached,False,2,0.75,0.75,0.07,1
4.70416666666672,0.09751199257750783,True,False,goal_reached,False,2,0.75,0.75,0.07,3
5.045833333333367,0.09809172225026846,True,False,goal_reached,False,2,0.75,0.75,0.07,4
5.4666666666666766,1.961033670163808,False,True,collision,False,3,0.35,0.35,0.05,0
4.908333333333375,3.899124102679867,False,True,collision,False,3,0.35,0.35,0.03,3
8.041666666666531,0.09980011976595095,True,False,goal_reached,False,2,0.45,0.75,0.07,3
3.7333333333334138,5.16159552388426,False,True,collision,False,3,0.35,0.35,0.03,2
2.1625000000000023,3.428265261997227,False,True,collision,False,2,0.65,0.45,0.05,1
3.558333333333405,4.1028209600248955,False,True,collision,False,3,0.35,0.35,0.05,2
2.5833333333333566,5.871386917028203,False,True,collision,False,3,0.35,0.35,0.03,1
2.145833333333335,6.046420738309715,False,True,collision,False,3,0.35,0.35,0.03,4
9.195833333333132,0.09999521710444556,True,False,goal_reached,False,3,0.35,0.35,0.05,4
2.17916666666667,5.58186101739977,False,True,collision,False,3,0.35,0.35,0.03,0
6.433333333333288,3.4563479994299593,False,True,collision,False,3,0.35,0.35,0.07,0
1.9749999999999943,5.690642704494164,False,True,collision,False,3,0.35,0.45,0.03,1
4.545833333333396,3.3677782181816833,False,True,collision,False,3,0.35,0.45,0.03,2
4.695833333333387,3.8573414040807306,False,True,collision,False,3,0.35,0.35,0.07,3
5.108333333333364,3.6680091745235206,False,True,collision,False,3,0.35,0.45,0.03,4
8.179166666666523,1.588261144946068,False,True,collision,False,3,0.35,0.35,0.07,2
8.083333333333195,1.3486413684424967,False,True,collision,False,3,0.35,0.45,0.05,0
3.754166666666748,4.0293002557358655,False,True,collision,False,3,0.35,0.45,0.03,3
7.0166666666665884,3.7151271617358987,False,True,collision,False,3,0.35,0.45,0.03,0
9.016666666666476,0.09953169139959037,True,False,goal_reached,False,3,0.35,0.45,0.05,3
2.066666666666664,5.631082078979648,False,True,collision,False,3,0.35,0.45,0.05,4
6.987499999999923,4.027283750074904,False,True,collision,False,3,0.35,0.45,0.05,2
3.954166666666758,3.2882230363314857,False,True,collision,False,3,0.35,0.45,0.07,3
11.258333333333015,0.09974775311763012,True,False,goal_reached,False,3,0.35,0.45,0.07,0
5.52083333333334,4.110954137149628,False,True,collision,False,3,0.35,0.45,0.07,4
4.0125000000000925,3.4005715951348057,False,True,collision,False,3,0.35,0.55,0.03,1
1.9333333333333278,6.166281242671928,False,True,collision,False,3,0.35,0.55,0.03,2
2.0874999999999986,5.749984201435738,False,True,collision,False,3,0.35,0.55,0.03,3
10.47083333333306,0.0982122076822485,True,False,goal_reached,False,3,0.35,0.45,0.07,2
2.6541666666666934,5.507630031031521,False,True,collision,False,3,0.35,0.55,0.03,4
3.8333333333334187,3.6116138869229033,False,True,collision,False,3,0.35,0.55,0.05,1
5.841666666666655,1.9285519591537439,False,True,collision,False,3,0.35,0.55,0.05,2
6.283333333333297,3.326246905984189,False,True,collision,False,3,0.35,0.35,0.07,1
4.554166666666728,3.7577650350916847,False,True,collision,False,3,0.35,0.55,0.05,3
6.283333333333297,3.326246905984189,False,True,collision,False,3,0.35,0.35,0.07,4
4.733333333333385,3.4735209113278445,False,True,collision,False,3,0.35,0.55,0.07,0
3.1416666666667177,5.553668484471254,False,True,collision,False,3,0.35,0.55,0.05,4
1.9708333333333277,5.6317825132901955,False,True,collision,False,3,0.35,0.55,0.07,3
7.733333333333214,1.7430969227289628,False,True,collision,False,3,0.35,0.55,0.07,4
2.170833333333336,5.686208650670902,False,True,collision,False,3,0.35,0.65,0.03,0
10.241666666666406,0.09811029198494836,True,False,goal_reached,False,3,0.35,0.55,0.07,2
2.437500000000016,5.343962839569784,False,True,collision,False,3,0.35,0.65,0.03,1
2.366666666666679,5.654203079724992,False,True,collision,False,3,0.35,0.55,0.03,0
2.279166666666675,5.402202737454014,False,True,collision,False,3,0.35,0.65,0.03,2
2.0583333333333305,5.137673413294589,False,True,collision,False,3,0.35,0.65,0.03,3
10.333333333333067,1.4022381656164917,False,True,collision,False,3,0.35,0.45,0.07,1
7.899999999999872,2.040852922349882,False,True,collision,False,3,0.35,0.55,0.07,1
6.637499999999943,1.6174475682673408,False,True,collision,False,3,0.35,0.65,0.05,1
3.0166666666667115,5.568867475075299,False,True,collision,False,3,0.35,0.65,0.05,3
7.083333333333251,0.09979462658277473,True,False,goal_reached,False,3,0.35,0.65,0.05,2
6.845833333333265,3.6758957896685693,False,True,collision,False,3,0.35,0.35,0.05,3
6.012499999999979,1.467267177148554,False,True,collision,False,3,0.35,0.65,0.03,4
10.787499999999708,0.09778339888222543,True,False,goal_reached,False,3,0.35,0.65,0.05,0
7.10833333333325,1.948383476246941,False,True,collision,False,3,0.35,0.65,0.07,1
11.633333333332994,0.09827655411530455,True,False,goal_reached,False,3,0.35,0.65,0.05,4
2.4125000000000147,5.1994292168187775,False,True,collision,False,3,0.35,0.65,0.07,3
6.474999999999953,2.087913656683402,False,True,collision,False,3,0.35,0.65,0.07,0
3.2500000000000564,5.367788661201805,False,True,collision,False,3,0.35,0.75,0.03,0
2.641666666666693,5.152322267903142,False,True,collision,False,3,0.35,0.75,0.03,1
1.9208333333333278,5.279586099658501,False,True,collision,False,3,0.35,0.75,0.03,4
7.145833333333248,1.7647250890895536,False,True,collision,False,3,0.35,0.65,0.07,4
1.7374999999999952,6.018272569074866,False,True,collision,False,3,0.35,0.75,0.03,3
6.091666666666641,3.248129143001289,False,True,collision,False,3,0.35,0.75,0.03,2
4.745833333333384,4.033399500433829,False,True,collision,False,3,0.35,0.55,0.05,0
10.249999999999739,0.09913481307371423,True,False,goal_reached,False,3,0.35,0.75,0.05,0
7.599999999999889,0.09882086038043271,True,False,goal_reached,False,3,0.35,0.75,0.05,4
5.704166666666663,3.325098711061374,False,True,collision,False,3,0.35,0.75,0.05,3
4.279166666666744,3.306219645599694,False,True,collision,False,3,0.35,0.75,0.07,0
6.091666666666641,1.8701917271494921,False,True,collision,False,3,0.35,0.75,0.07,1
8.162499999999858,1.3224111951211284,False,True,collision,False,3,0.35,0.75,0.07,2
4.608333333333392,3.3775637245575445,False,True,collision,False,3,0.35,0.75,0.07,4
2.3541666666666785,5.353798331774063,False,True,collision,False,3,0.35,0.65,0.07,2
2.0249999999999955,5.151366343699047,False,True,collision,False,3,0.35,0.75,0.05,1
7.454166666666564,1.812523513545581,False,True,collision,False,3,0.35,0.75,0.07,3
4.616666666666725,3.4178735673823306,False,True,collision,False,3,0.45,0.35,0.03,0
5.120833333333363,3.2315612832700733,False,True,collision,False,3,0.45,0.35,0.03,4
10.220833333333074,1.78685001859596,False,True,collision,False,3,0.45,0.35,0.05,0
3.454166666666733,5.414416963764849,False,True,collision,False,3,0.45,0.35,0.03,3
10.616666666666385,0.0994244665832856,True,False,goal_reached,False,3,0.35,0.75,0.05,2
2.3208333333333435,5.842633584554604,False,True,collision,False,3,0.45,0.35,0.05,3
11.633333333332994,0.09827655411530455,True,False,goal_reached,False,3,0.45,0.35,0.05,4
3.0458333333333796,5.485564261873502,False,True,collision,False,3,0.45,0.35,0.03,1
9.69999999999977,1.5518769638160217,False,True,collision,False,3,0.45,0.35,0.07,0
7.874999999999873,1.3458533151663687,False,True,collision,False,3,0.45,0.35,0.07,2
10.416666666666396,0.12034827308965179,False,False,path_finished,False,3,0.45,0.35,0.07,1
8.12499999999986,1.3525318382179634,False,True,collision,False,3,0.45,0.35,0.05,2
2.4250000000000154,5.835480791958976,False,True,collision,False,3,0.45,0.35,0.07,3
6.6291666666666105,2.100832816113738,False,True,collision,False,3,0.45,0.45,0.03,0
1.883333333333328,5.39636558077771,False,True,collision,False,3,0.45,0.45,0.03,2
2.562500000000022,5.611978927011005,False,True,collision,False,3,0.45,0.45,0.03,3
6.679166666666608,3.2896894191127464,False,True,collision,False,3,0.45,0.35,0.05,1
6.620833333333278,2.048694040508351,False,True,collision,False,3,0.45,0.45,0.03,4
6.254166666666632,1.9514424490642663,False,True,collision,False,3,0.45,0.45,0.05,3
7.058333333333253,1.3515233458609026,False,True,collision,False,3,0.45,0.45,0.05,2
9.249999999999796,1.1805808999902165,False,True,collision,False,3,0.45,0.35,0.03,2
5.904166666666652,3.3842495159309993,False,True,collision,False,3,0.45,0.45,0.05,1
5.479166666666676,1.7262316783734193,False,True,collision,False,3,0.45,0.45,0.07,2
6.754166666666603,1.8038777146776621,False,True,collision,False,3,0.45,0.35,0.07,4
8.829166666666486,0.09705947717424815,True,False,goal_reached,False,3,0.45,0.45,0.07,3
1.895833333333328,5.266647834746628,False,True,collision,False,3,0.45,0.55,0.03,0
1.487499999999996,5.853373561697123,False,True,collision,False,3,0.45,0.55,0.03,1
4.620833333333391,3.31695769273513,False,True,collision,False,3,0.45,0.45,0.07,4
11.599999999999662,0.09919072050019952,True,False,goal_reached,False,3,0.45,0.45,0.05,0
5.454166666666677,3.2323334391311045,False,True,collision,False,3,0.45,0.55,0.03,2
5.162500000000027,3.189447689159402,False,True,collision,False,3,0.45,0.55,0.03,3
3.700000000000079,3.952030069197187,False,True,collision,False,3,0.45,0.45,0.05,4
4.187500000000083,3.5894234293222933,False,True,collision,False,3,0.45,0.55,0.03,4
5.862499999999987,1.6644018513752399,False,True,collision,False,3,0.45,0.55,0.05,2
10.137499999999745,0.09991429506918763,True,False,goal_reached,False,3,0.45,0.55,0.05,0
7.487499999999895,1.6478638496538165,False,True,collision,False,3,0.45,0.55,0.05,4
4.204166666666748,3.6937136882592934,False,True,collision,False,3,0.45,0.55,0.07,0
7.7833333333332115,1.8340846780914515,False,True,collision,False,3,0.45,0.55,0.05,3
4.833333333333379,3.5879750879942636,False,True,collision,False,3,0.45,0.45,0.03,1
8.841666666666486,0.09931335790808274,True,False,goal_reached,False,3,0.45,0.55,0.05,1
6.179166666666636,1.3504124033646938,False,True,collision,False,3,0.45,0.55,0.07,3
7.874999999999873,1.9631430940752617,False,True,collision,False,3,0.45,0.55,0.07,1
4.9041666666667085,3.88273534193023,False,True,collision,False,3,0.45,0.55,0.07,4
2.033333333333329,5.6845032112053655,False,True,collision,False,3,0.45,0.65,0.03,2
2.6875000000000284,5.7920762110904,False,True,collision,False,3,0.45,0.65,0.03,1
2.1958333333333373,5.439992704461367,False,True,collision,False,3,0.45,0.65,0.03,3
10.891666666666369,0.09936403771270495,True,False,goal_reached,False,3,0.45,0.55,0.07,2
2.470833333333351,5.61610006756316,False,True,collision,False,3,0.45,0.65,0.05,1
2.475000000000018,5.443228211755272,False,True,collision,False,3,0.45,0.65,0.05,2
4.175000000000083,3.356565274734513,False,True,collision,False,3,0.45,0.65,0.05,0
6.2333333333333,1.4492742728625951,False,True,collision,False,3,0.45,0.65,0.05,4
5.125000000000029,3.6567331258174813,False,True,collision,False,3,0.45,0.65,0.07,0
8.216666666666521,1.8666026298862273,False,True,collision,False,3,0.45,0.65,0.07,1
4.595833333333393,3.820526080507892,False,True,collision,False,3,0.45,0.65,0.05,3
8.933333333333147,0.0987714989957768,True,False,goal_reached,False,3,0.45,0.65,0.07,2
7.916666666666537,0.16064258494542955,False,False,path_finished,False,3,0.45,0.65,0.07,3
2.200000000000004,5.441468789913477,False,True,collision,False,3,0.45,0.75,0.03,0
3.929166666666757,3.947420696101086,False,True,collision,False,3,0.45,0.65,0.07,4
7.57499999999989,0.09998061708050592,True,False,goal_reached,False,3,0.45,0.75,0.03,1
3.454166666666733,3.9926395855537824,False,True,collision,False,3,0.45,0.75,0.03,3
3.095833333333382,5.152439756987092,False,True,collision,False,3,0.45,0.45,0.07,1
7.970833333333201,0.09937659720962835,True,False,goal_reached,False,3,0.45,0.75,0.03,2
3.4458333333333995,3.9365999464183323,False,True,collision,False,3,0.45,0.75,0.05,1
7.141666666666581,2.1130925035500456,False,True,collision,False,3,0.45,0.75,0.03,4
7.674999999999884,0.0981688716519801,True,False,goal_reached,False,3,0.45,0.75,0.05,2
3.8708333333334206,3.4924920565522224,False,True,collision,False,3,0.45,0.75,0.05,4
5.8833333333333195,3.184653993184643,False,True,collision,False,3,0.45,0.75,0.05,0
2.470833333333351,5.61610006756316,False,True,collision,False,3,0.45,0.75,0.07,0
2.570833333333356,5.998942749438151,False,True,collision,False,3,0.45,0.75,0.05,3
8.079166666666529,0.09732917775227418,True,False,goal_reached,False,3,0.45,0.75,0.07,1
4.595833333333393,3.820526080507892,False,True,collision,False,3,0.45,0.75,0.07,3
6.504166666666618,1.2426181788710817,False,True,collision,False,3,0.45,0.75,0.07,4
2.1541666666666686,5.519509684134764,False,True,collision,False,3,0.55,0.35,0.03,0
6.354166666666626,1.7819391315121915,False,True,collision,False,3,0.45,0.75,0.07,2
2.6208333333333584,5.4189784390312585,False,True,collision,False,3,0.55,0.35,0.03,1
6.733333333333271,0.0982195486862313,True,False,goal_reached,False,3,0.55,0.35,0.05,0
3.720833333333413,3.7464031346499858,False,True,collision,False,3,0.55,0.35,0.03,4
2.8458333333333696,5.128646935893742,False,True,collision,False,3,0.55,0.35,0.05,1
4.204166666666748,3.16799018761025,False,True,collision,False,3,0.55,0.35,0.03,3
5.033333333333368,3.1932816280428598,False,True,collision,False,3,0.55,0.35,0.05,3
5.000000000000036,3.7940054933118788,False,True,collision,False,3,0.55,0.35,0.05,2
6.920833333333261,1.877151822770775,False,True,collision,False,3,0.55,0.35,0.05,4
5.87083333333332,2.2099422215243596,False,True,collision,False,3,0.55,0.35,0.07,0
9.679166666666438,0.09840504703691567,True,False,goal_reached,False,3,0.55,0.35,0.07,2
7.745833333333214,1.2759208984898507,False,True,collision,False,3,0.45,0.65,0.03,4
6.7458333333332705,1.8206224765597356,False,True,collision,False,3,0.55,0.45,0.03,0
9.287499999999794,1.3643046512561003,False,True,collision,False,3,0.45,0.45,0.07,0
3.795833333333417,3.2733611205662094,False,True,collision,False,3,0.55,0.45,0.03,2
2.0249999999999955,5.403219492262738,False,True,collision,False,3,0.55,0.45,0.03,1
8.412499999999843,1.685765790585693,False,True,collision,False,3,0.55,0.45,0.03,3
7.245833333333242,1.3631219544525852,False,True,collision,False,3,0.55,0.35,0.03,2
4.541666666666729,3.278099133235328,False,True,collision,False,3,0.55,0.45,0.05,0
1.799999999999995,6.096285523381467,False,True,collision,False,3,0.55,0.45,0.05,2
8.324999999999848,1.385504959272919,False,True,collision,False,3,0.55,0.35,0.07,3
6.491666666666618,1.2810906319407784,False,True,collision,False,3,0.55,0.45,0.05,1
6.3874999999999575,1.7165243951102305,False,True,collision,False,3,0.55,0.45,0.05,3
7.6666666666665515,0.09685342785941367,True,False,goal_reached,False,3,0.55,0.45,0.07,0
6.691666666666607,0.09653832446948561,True,False,goal_reached,False,3,0.55,0.45,0.07,1
9.999999999999753,0.1737840605974201,False,False,path_finished,False,3,0.55,0.35,0.07,4
5.037500000000034,3.6947885750331926,False,True,collision,False,3,0.55,0.45,0.05,4
9.166666666666467,0.17172818019295866,False,False,path_finished,False,3,0.55,0.45,0.07,2
2.4250000000000154,5.926062552112467,False,True,collision,False,3,0.55,0.55,0.03,1
2.7250000000000303,5.674959515094232,False,True,collision,False,3,0.55,0.55,0.03,0
8.749999999999824,0.15232900945911085,False,False,path_finished,False,3,0.55,0.45,0.07,4
7.591666666666556,0.09933227963143955,True,False,goal_reached,False,3,0.55,0.55,0.03,2
6.208333333333301,1.388717373302187,False,True,collision,False,3,0.55,0.45,0.07,3
2.137500000000001,5.570863708432748,False,True,collision,False,3,0.55,0.55,0.03,3
4.554166666666728,3.3885423773919294,False,True,collision,False,3,0.55,0.55,0.03,4
3.8000000000000838,3.6542365547668925,False,True,collision,False,3,0.55,0.55,0.05,2
5.8249999999999895,1.9380263381054343,False,True,collision,False,3,0.55,0.55,0.05,0
3.5708333333334057,3.970575110085894,False,True,collision,False,3,0.55,0.55,0.05,3
5.712499999999996,2.082186438040255,False,True,collision,False,3,0.55,0.55,0.05,1
10.012499999999752,0.09956884841044918,True,False,goal_reached,False,3,0.55,0.55,0.07,0
4.575000000000061,3.9373716207110396,False,True,collision,False,3,0.55,0.55,0.07,1
4.64583333333339,3.3565067123610937,False,True,collision,False,3,0.55,0.55,0.07,3
4.29583333333341,3.8639169663241635,False,True,collision,False,3,0.55,0.65,0.03,0
11.162499999999687,0.09980676885635,True,False,goal_reached,False,3,0.55,0.55,0.07,2
2.4583333333333504,5.265153134070221,False,True,collision,False,3,0.55,0.55,0.05,4
6.858333333333264,0.09940581956214566,True,False,goal_reached,False,3,0.55,0.55,0.07,4
4.137500000000085,3.253358961816983,False,True,collision,False,3,0.55,0.65,0.03,3
4.008333333333426,4.003764315138412,False,True,collision,False,3,0.55,0.65,0.03,4
10.279166666666404,0.09971376318882921,True,False,goal_reached,False,3,0.55,0.65,0.03,2
2.3875000000000135,5.67926205919532,False,True,collision,False,3,0.55,0.65,0.05,1
6.05833333333331,1.8659478368902256,False,True,collision,False,3,0.55,0.65,0.05,2
8.76666666666649,0.09874864464436213,True,False,goal_reached,False,3,0.55,0.65,0.05,0
3.3500000000000614,4.121474286389346,False,True,collision,False,3,0.55,0.65,0.07,0
4.712500000000053,3.9903171989751214,False,True,collision,False,3,0.55,0.65,0.05,4
3.566666666666739,4.063764775211882,False,True,collision,False,3,0.55,0.65,0.05,3
4.362500000000073,3.902484273606421,False,True,collision,False,3,0.55,0.65,0.07,3
5.329166666666684,3.1604881714023216,False,True,collision,False,3,0.55,0.65,0.07,2
7.233333333333243,0.09892523743850047,True,False,goal_reached,False,3,0.55,0.65,0.07,4
8.749999999999824,0.1489544901808407,False,False,path_finished,False,3,0.55,0.65,0.07,1
1.3583333333333298,5.921239592207126,False,True,collision,False,3,0.55,0.75,0.03,2
3.3875000000000632,3.452717667656934,False,True,collision,False,3,0.55,0.75,0.03,3
7.683333333333217,0.09643562754857654,True,False,goal_reached,False,3,0.55,0.75,0.03,0
6.624999999999944,1.3085078156018446,False,True,collision,False,3,0.55,0.75,0.03,1
6.383333333333291,2.1362460808670014,False,True,collision,False,3,0.55,0.75,0.03,4
7.199999999999911,0.0982562295541949,True,False,goal_reached,False,3,0.55,0.75,0.05,0
8.312499999999849,0.0970440648024658,True,False,goal_reached,False,3,0.55,0.75,0.05,1
2.008333333333328,5.215396126685921,False,True,collision,False,3,0.55,0.75,0.05,2
3.4708333333334007,3.5634310950234753,False,True,collision,False,3,0.55,0.75,0.05,4
6.579166666666613,0.09743108719641248,True,False,goal_reached,False,3,0.55,0.75,0.07,0
3.05833333333338,3.9955102630629415,False,True,collision,False,3,0.55,0.75,0.07,1
9.999999999999753,0.14530509832133723,False,False,path_finished,False,3,0.55,0.75,0.05,3
8.179166666666523,0.09745321525255678,True,False,goal_reached,False,3,0.55,0.75,0.07,2
5.004166666666703,4.027521784692036,False,True,collision,False,3,0.55,0.75,0.07,3
1.9291666666666611,5.839319812538142,False,True,collision,False,3,0.65,0.35,0.03,0
7.8416666666665416,0.09920752540716905,True,False,goal_reached,False,3,0.55,0.75,0.07,4
3.3458333333333945,3.7469364296956913,False,True,collision,False,3,0.65,0.35,0.03,1
1.5374999999999959,5.7497054396345835,False,True,collision,False,3,0.65,0.35,0.03,2
2.012499999999995,5.738261611362049,False,True,collision,False,3,0.65,0.35,0.03,3
5.779166666666659,3.6176952656873578,False,True,collision,False,3,0.65,0.35,0.03,4
4.2541666666667455,3.5525336944929746,False,True,collision,False,3,0.65,0.35,0.05,0
5.179166666666693,3.138219626748975,False,True,collision,False,3,0.65,0.35,0.05,2
9.329166666666458,0.0997754508245214,True,False,goal_reached,False,3,0.65,0.35,0.05,3
9.783333333333099,0.09852553708391475,True,False,goal_reached,False,3,0.65,0.35,0.05,4
4.187500000000083,3.4543151684395594,False,True,collision,False,3,0.65,0.35,0.05,1
5.391666666666681,3.244096395240543,False,True,collision,False,3,0.55,0.35,0.07,1
4.512500000000064,3.7011270509048817,False,True,collision,False,3,0.65,0.35,0.07,1
9.579166666666444,0.09989865782849212,True,False,goal_reached,False,3,0.65,0.35,0.07,3
11.249999999999682,0.1379896331181949,False,False,path_finished,False,3,0.65,0.35,0.07,0
3.2083333333333877,4.08245373267387,False,True,collision,False,3,0.65,0.45,0.03,0
4.058333333333423,3.1958770911549745,False,True,collision,False,3,0.65,0.45,0.03,2
3.8666666666667537,3.8132532103503864,False,True,collision,False,3,0.65,0.45,0.03,1
2.529166666666687,5.24241753994483,False,True,collision,False,3,0.65,0.45,0.03,3
3.687500000000078,3.8507125315940063,False,True,collision,False,3,0.65,0.45,0.05,0
8.716666666666493,1.1639293017940817,False,True,collision,False,3,0.65,0.35,0.07,2
2.700000000000029,5.484819264673162,False,True,collision,False,3,0.65,0.45,0.03,4
5.529166666666673,2.1077910680521703,False,True,collision,False,3,0.65,0.45,0.05,1
7.641666666666553,0.09721100920143164,True,False,goal_reached,False,3,0.65,0.45,0.05,3
5.783333333333325,1.6473280469513893,False,True,collision,False,3,0.65,0.45,0.05,2
5.879166666666653,2.0980865965504374,False,True,collision,False,3,0.65,0.45,0.05,4
5.450000000000011,3.1747178535155323,False,True,collision,False,3,0.65,0.45,0.07,0
8.379166666666512,0.09797393465435483,True,False,goal_reached,False,3,0.65,0.45,0.07,2
2.2625000000000073,5.365605029301097,False,True,collision,False,3,0.65,0.45,0.07,4
7.849999999999874,0.09826086355848693,True,False,goal_reached,False,3,0.65,0.45,0.07,3
8.35833333333318,0.09841949859380303,True,False,goal_reached,False,3,0.65,0.45,0.07,1
5.104166666666697,1.993758580491864,False,True,collision,False,3,0.65,0.55,0.03,0
2.870833333333371,5.223950307014873,False,True,collision,False,3,0.65,0.55,0.03,1
4.345833333333407,3.9593733521937624,False,True,collision,False,3,0.65,0.55,0.03,3
2.475000000000018,5.285598040695771,False,True,collision,False,3,0.65,0.55,0.03,4
3.59166666666674,4.00683448861638,False,True,collision,False,3,0.65,0.55,0.05,1
1.9583333333333277,5.4302350024791926,False,True,collision,False,3,0.65,0.55,0.03,2
10.104166666666414,0.09826385364366788,True,False,goal_reached,False,3,0.65,0.55,0.05,0
8.062499999999863,0.09904810865105959,True,False,goal_reached,False,3,0.65,0.55,0.05,2
9.562499999999778,0.09864643168830599,True,False,goal_reached,False,3,0.65,0.55,0.05,3
5.062500000000033,3.7914001002522357,False,True,collision,False,3,0.65,0.55,0.05,4
6.1833333333333025,3.152740385353266,False,True,collision,False,3,0.65,0.55,0.07,0
9.066666666666473,0.09885857736392525,True,False,goal_reached,False,3,0.65,0.55,0.07,2
7.570833333333224,0.09943836032838517,True,False,goal_reached,False,3,0.65,0.55,0.07,3
8.920833333333148,1.6040038835412451,False,True,collision,False,3,0.65,0.35,0.07,4
7.570833333333224,0.09943836032838517,True,False,goal_reached,False,3,0.65,0.55,0.07,4
8.570833333333168,1.4891937476362058,False,True,collision,False,3,0.65,0.55,0.07,1
3.8166666666667513,3.1998093600297333,False,True,collision,False,3,0.65,0.65,0.03,2
3.8166666666667513,3.1998093600297333,False,True,collision,False,3,0.65,0.65,0.03,0
4.095833333333421,3.999497038851198,False,True,collision,False,3,0.65,0.65,0.03,1
6.945833333333259,0.09966775857861124,True,False,goal_reached,False,3,0.65,0.65,0.03,3
6.974999999999924,0.09916094963217807,True,False,goal_reached,False,3,0.65,0.65,0.05,0
6.974999999999924,0.09916094963217807,True,False,goal_reached,False,3,0.65,0.65,0.03,4
6.412499999999956,2.10814667137903,False,True,collision,False,3,0.65,0.65,0.05,1
8.17083333333319,0.09770515613590539,True,False,goal_reached,False,3,0.65,0.65,0.05,2
9.491666666666449,0.0991169840676441,True,False,goal_reached,False,3,0.65,0.65,0.05,3
3.100000000000049,5.62879983975069,False,True,collision,False,3,0.65,0.65,0.07,1
6.849999999999931,0.09909923630182899,True,False,goal_reached,False,3,0.65,0.65,0.07,0
9.491666666666449,0.0991169840676441,True,False,goal_reached,False,3,0.65,0.65,0.05,4
8.333333333333181,0.16077182032682963,False,False,path_finished,False,3,0.65,0.65,0.07,4
6.741666666666604,1.3852120332528677,False,True,collision,False,3,0.65,0.75,0.03,0
6.820833333333266,1.3290364139036557,False,True,collision,False,3,0.65,0.65,0.07,3
9.999999999999753,0.13607326641982068,False,False,path_finished,False,3,0.65,0.65,0.07,2
2.337500000000011,5.6499945119960575,False,True,collision,False,3,0.65,0.75,0.03,4
6.883333333333263,0.09897913465629248,True,False,goal_reached,False,3,0.65,0.75,0.03,2
5.845833333333322,1.7838162699348554,False,True,collision,False,3,0.65,0.75,0.03,1
6.899999999999928,0.0982338554383027,True,False,goal_reached,False,3,0.65,0.75,0.03,3
4.491666666666732,3.4256552580191237,False,True,collision,False,3,0.65,0.75,0.05,1
3.025000000000045,5.280185403120931,False,True,collision,False,3,0.65,0.75,0.05,2
8.0083333333332,0.09697951475287314,True,False,goal_reached,False,3,0.65,0.75,0.05,0
9.224999999999797,0.09719946404976994,True,False,goal_reached,False,3,0.65,0.75,0.05,3
6.145833333333305,1.5493493829660268,False,True,collision,False,3,0.65,0.75,0.07,1
9.58333333333311,0.1291101437488247,False,False,path_finished,False,3,0.65,0.75,0.05,4
10.229166666666407,0.09924706579584577,True,False,goal_reached,False,3,0.65,0.75,0.07,0
6.316666666666628,0.09999748631419292,True,False,goal_reached,False,3,0.65,0.75,0.07,4
8.83749999999982,0.09906834218629665,True,False,goal_reached,False,3,0.65,0.75,0.07,3
6.2708333333332975,1.8855129539117568,False,True,collision,False,3,0.75,0.35,0.03,0
10.199999999999742,0.09936470941014101,True,False,goal_reached,False,3,0.65,0.75,0.07,2
8.549999999999836,0.0970783259474135,True,False,goal_reached,False,3,0.75,0.35,0.03,1
4.466666666666733,3.5878080345319963,False,True,collision,False,3,0.75,0.35,0.03,3
8.624999999999831,0.09674737374675713,True,False,goal_reached,False,3,0.75,0.35,0.03,2
7.291666666666573,1.9444121374052006,False,True,collision,False,3,0.75,0.35,0.03,4
2.6833333333333615,5.156865236656458,False,True,collision,False,3,0.75,0.35,0.05,1
2.629166666666692,5.385847134980508,False,True,collision,False,3,0.75,0.35,0.05,0
7.433333333333231,0.09730598679474195,True,False,goal_reached,False,3,0.75,0.35,0.05,3
4.041666666666758,3.482314273415219,False,True,collision,False,3,0.75,0.35,0.07,1
8.454166666666508,1.7154877787516145,False,True,collision,False,3,0.75,0.35,0.05,2
6.237499999999966,1.8717218388838783,False,True,collision,False,3,0.75,0.35,0.07,2
4.162500000000084,3.8439948404949993,False,True,collision,False,3,0.75,0.35,0.07,0
6.224999999999967,3.4521037336077773,False,True,collision,False,3,0.75,0.35,0.07,4
10.895833333333035,0.09805829763980675,True,False,goal_reached,False,3,0.75,0.35,0.07,3
4.112500000000087,3.83019953207788,False,True,collision,False,3,0.75,0.45,0.03,1
4.629166666666724,3.1883334417279516,False,True,collision,False,3,0.75,0.45,0.03,2
5.425000000000012,1.9695552049365912,False,True,collision,False,3,0.75,0.45,0.03,3
6.145833333333305,1.9558147859080477,False,True,collision,False,3,0.75,0.45,0.03,4
7.912499999999871,0.09978174196443314,True,False,goal_reached,False,3,0.75,0.45,0.05,0
5.716666666666662,1.1648411049398262,False,True,collision,False,3,0.55,0.65,0.03,1
6.858333333333264,0.09664259381636603,True,False,goal_reached,False,3,0.75,0.45,0.05,1
7.5499999999998915,0.09928005301986241,True,False,goal_reached,False,3,0.75,0.45,0.05,2
9.079166666666472,0.0996410051180278,True,False,goal_reached,False,3,0.75,0.45,0.05,3
9.166666666666467,0.18464523781209546,False,False,path_finished,False,3,0.75,0.45,0.07,1
6.0666666666666424,1.3473586094136571,False,True,collision,False,3,0.75,0.45,0.07,0
7.04999999999992,1.3059139477574822,False,True,collision,False,3,0.75,0.45,0.07,3
4.862500000000044,3.2707354080493096,False,True,collision,False,3,0.75,0.45,0.07,4
7.791666666666544,0.09785934691689599,True,False,goal_reached,False,3,0.75,0.55,0.03,0
10.495833333333058,0.09962375511362123,True,False,goal_reached,False,3,0.75,0.55,0.03,1
1.9749999999999943,5.542526831713833,False,True,collision,False,3,0.75,0.55,0.03,2
6.091666666666641,1.1791705111459247,False,True,collision,False,3,0.75,0.55,0.03,3
3.558333333333405,3.6386925589286347,False,True,collision,False,3,0.75,0.55,0.03,4
8.633333333333164,0.09720820037898004,True,False,goal_reached,False,3,0.75,0.55,0.05,0
9.308333333333126,0.09741128897203986,True,False,goal_reached,False,3,0.75,0.55,0.05,1
3.4583333333334,3.7281957324996244,False,True,collision,False,3,0.75,0.55,0.05,2
5.395833333333347,3.2439475501534902,False,True,collision,False,3,0.75,0.55,0.05,3
7.558333333333224,1.5751657646161747,False,True,collision,False,3,0.75,0.55,0.05,4
6.429166666666622,0.09637285004780731,True,False,goal_reached,False,3,0.75,0.55,0.07,0
3.65833333333341,3.7830980648933457,False,True,collision,False,3,0.75,0.55,0.07,1
8.391666666666511,0.09831639132685635,True,False,goal_reached,False,3,0.75,0.55,0.07,2
8.024999999999865,0.0991631338012861,True,False,goal_reached,False,3,0.75,0.55,0.07,3
8.05416666666653,0.09919772921139249,True,False,goal_reached,False,3,0.75,0.55,0.07,4
5.9124999999999845,1.9507046004671817,False,True,collision,False,3,0.75,0.65,0.03,0
2.5125000000000197,5.18371900582093,False,True,collision,False,3,0.75,0.65,0.03,1
1.6583333333333288,5.9745421086200405,False,True,collision,False,3,0.75,0.65,0.03,2
7.083333333333251,0.11443561536677527,False,False,path_finished,False,3,0.75,0.65,0.03,3
5.416666666666679,3.496613473839331,False,True,collision,False,3,0.75,0.65,0.03,4
1.7791666666666617,6.079674332455722,False,True,collision,False,3,0.75,0.65,0.05,0
7.545833333333225,0.09825092404229303,True,False,goal_reached,False,3,0.75,0.65,0.05,1
8.549999999999836,0.09977970181155724,True,False,goal_reached,False,3,0.75,0.65,0.05,2
8.712499999999826,0.0966541629895008,True,False,goal_reached,False,3,0.75,0.65,0.05,3
8.420833333333176,0.09907764859351821,True,False,goal_reached,False,3,0.75,0.65,0.05,4
6.737499999999938,0.0978874777635284,True,False,goal_reached,False,3,0.75,0.65,0.07,0
8.333333333333181,0.1880110286908658,False,False,path_finished,False,3,0.75,0.65,0.07,1
7.208333333333244,1.3266361559884434,False,True,collision,False,3,0.75,0.65,0.07,2
9.58333333333311,0.13691262227103654,False,False,path_finished,False,3,0.75,0.65,0.07,3
5.3791666666666815,3.2671878076789604,False,True,collision,False,3,0.75,0.65,0.07,4
6.262499999999965,1.8276506601534963,False,True,collision,False,3,0.75,0.75,0.03,0
9.11666666666647,0.09796773132777914,True,False,goal_reached,False,3,0.75,0.75,0.03,1
2.0208333333333286,5.413871694409159,False,True,collision,False,3,0.75,0.75,0.03,2
6.399999999999957,1.579467963909469,False,True,collision,False,3,0.75,0.75,0.03,3
6.591666666666613,0.09954272251524615,True,False,goal_reached,False,3,0.75,0.75,0.03,4
6.645833333333276,1.664701095782108,False,True,collision,False,3,0.75,0.75,0.05,0
6.754166666666603,0.09970096982565343,True,False,goal_reached,False,3,0.75,0.75,0.05,1
6.424999999999955,0.0988468974780942,True,False,goal_reached,False,3,0.75,0.75,0.05,2
9.112499999999804,0.09816028397136208,True,False,goal_reached,False,3,0.75,0.75,0.05,3
5.241666666666689,2.0712085429842,False,True,collision,False,3,0.75,0.75,0.05,4
6.8041666666666005,0.0993128718017848,True,False,goal_reached,False,3,0.75,0.75,0.07,0
7.86666666666654,0.09899712401682001,True,False,goal_reached,False,3,0.75,0.75,0.07,1
7.729166666666548,0.09571772019185915,True,False,goal_reached,False,3,0.75,0.75,0.07,2
9.34999999999979,0.09769155379548711,True,False,goal_reached,False,3,0.75,0.75,0.07,3
8.145833333333192,0.0975479261828773,True,False,goal_reached,False,3,0.75,0.75,0.07,4
4.483333333333399,6.050934727211343,False,True,collision,False,4,0.35,0.35,0.03,0
3.983333333333426,7.557446828307726,False,True,collision,False,4,0.35,0.35,0.03,1
5.587500000000003,5.781824091090138,False,True,collision,False,4,0.35,0.35,0.03,2
13.758333333332873,0.09771992137270649,True,False,goal_reached,False,3,0.45,0.65,0.03,0
6.141666666666638,3.58065372425803,False,True,collision,False,4,0.35,0.35,0.03,4
2.9750000000000427,7.961088788919459,False,True,collision,False,4,0.35,0.35,0.03,3
5.52083333333334,5.534507443027139,False,True,collision,False,4,0.35,0.35,0.05,1
3.39166666666673,7.8420122226188465,False,True,collision,False,4,0.35,0.35,0.05,0
2.2500000000000067,7.711245069263819,False,True,collision,False,4,0.35,0.35,0.05,2
7.499999999999894,5.235123224964791,False,True,collision,False,4,0.35,0.35,0.05,4
5.833333333333322,3.904354961739241,False,True,collision,False,4,0.35,0.35,0.07,0
7.845833333333208,3.692071785335217,False,True,collision,False,4,0.35,0.35,0.05,3
8.691666666666494,3.92392276966209,False,True,collision,False,4,0.35,0.35,0.07,2
6.199999999999968,6.092525570651281,False,True,collision,False,4,0.35,0.35,0.07,1
13.758333333332873,1.6851032378875486,False,True,collision,False,4,0.35,0.35,0.07,3
5.5916666666666694,5.918708420105019,False,True,collision,False,4,0.35,0.45,0.03,0
2.5833333333333566,7.250127390976784,False,True,collision,False,4,0.35,0.35,0.07,4
1.6249999999999956,8.007318018930153,False,True,collision,False,4,0.35,0.45,0.03,2
6.054166666666643,5.141333229821135,False,True,collision,False,4,0.35,0.45,0.03,3
1.7416666666666618,7.801974426534896,False,True,collision,False,4,0.35,0.45,0.03,4
7.674999999999884,3.4242216284566425,False,True,collision,False,4,0.35,0.45,0.05,0
4.570833333333394,5.7391148499466915,False,True,collision,False,4,0.35,0.45,0.05,1
3.7333333333334138,7.550419215232242,False,True,collision,False,4,0.35,0.45,0.05,2
1.9499999999999944,7.553404008055481,False,True,collision,False,4,0.35,0.45,0.03,1
7.679166666666551,5.4083979787074705,False,True,collision,False,4,0.35,0.45,0.05,4
5.333333333333351,5.442627555681686,False,True,collision,False,4,0.35,0.45,0.07,0
5.57916666666667,5.823402696740272,False,True,collision,False,4,0.35,0.45,0.05,3
11.699999999999656,1.3840341854417286,False,True,collision,False,4,0.35,0.45,0.07,2
6.316666666666628,5.922283417057905,False,True,collision,False,4,0.35,0.45,0.07,3
15.041666666666133,0.09940865518854382,True,False,goal_reached,False,4,0.35,0.45,0.07,1
7.887499999999872,3.515000665249837,False,True,collision,False,4,0.35,0.45,0.07,4
2.541666666666688,7.619670518666815,False,True,collision,False,4,0.35,0.55,0.03,1
5.366666666666682,5.506904055126167,False,True,collision,False,4,0.35,0.55,0.03,0
7.041666666666587,3.2635903720519943,False,True,collision,False,4,0.35,0.55,0.03,2
2.1583333333333354,8.015281343571772,False,True,collision,False,4,0.35,0.55,0.03,4
1.812499999999995,7.579330676256735,False,True,collision,False,4,0.35,0.55,0.03,3
1.6583333333333288,7.830703013772177,False,True,collision,False,4,0.35,0.55,0.05,1
7.833333333333209,3.6939843063195825,False,True,collision,False,4,0.35,0.55,0.05,0
5.066666666666699,6.057821792925334,False,True,collision,False,4,0.35,0.55,0.05,2
3.8083333333334175,5.449778222367153,False,True,collision,False,4,0.35,0.55,0.05,3
1.9958333333333276,7.693769805099591,False,True,collision,False,4,0.35,0.55,0.05,4
7.258333333333241,3.2088555426557037,False,True,collision,False,4,0.35,0.55,0.07,1
5.716666666666662,5.321977726354215,False,True,collision,False,4,0.35,0.55,0.07,0
12.579166666666273,0.09950453772949067,True,False,goal_reached,False,4,0.35,0.55,0.07,2
5.8249999999999895,3.77084266450188,False,True,collision,False,4,0.35,0.55,0.07,4
8.679166666666495,3.6664679608654267,False,True,collision,False,4,0.35,0.65,0.03,0
5.6208333333333345,5.536387152433754,False,True,collision,False,4,0.35,0.55,0.07,3
4.12083333333342,5.418495633144588,False,True,collision,False,4,0.35,0.65,0.03,2
5.687499999999997,3.369324450608396,False,True,collision,False,4,0.35,0.65,0.03,3
4.791666666666715,5.649781897938008,False,True,collision,False,4,0.35,0.65,0.03,4
9.033333333333141,3.9429349902309334,False,True,collision,False,4,0.35,0.65,0.05,0
2.1833333333333367,7.700602790155703,False,True,collision,False,4,0.35,0.65,0.05,1
5.9124999999999845,5.2392339006190145,False,True,collision,False,4,0.35,0.65,0.05,2
3.0125000000000446,7.752475896446507,False,True,collision,False,4,0.35,0.65,0.05,3
4.579166666666727,5.284350957700883,False,True,collision,False,4,0.35,0.65,0.05,4
6.783333333333268,4.157609704971491,False,True,collision,False,4,0.35,0.65,0.07,0
4.154166666666751,5.998363060436205,False,True,collision,False,4,0.35,0.65,0.07,1
6.016666666666645,5.431779305767641,False,True,collision,False,4,0.35,0.65,0.07,2
7.674999999999884,4.0526432823182645,False,True,collision,False,4,0.35,0.65,0.07,3
9.862499999999761,0.09830021745697735,True,False,goal_reached,False,4,0.35,0.65,0.07,4
8.512499999999838,1.588206168919677,False,True,collision,False,4,0.35,0.75,0.03,0
7.070833333333252,3.719596140576591,False,True,collision,False,4,0.35,0.75,0.03,1
3.0500000000000465,6.0787961985948735,False,True,collision,False,4,0.35,0.75,0.03,2
5.0541666666667,4.056579256906431,False,True,collision,False,4,0.35,0.75,0.03,3
2.504166666666686,7.488551436614083,False,True,collision,False,4,0.35,0.75,0.03,4
9.604166666666442,1.5331705247387009,False,True,collision,False,4,0.35,0.75,0.05,0
5.0541666666667,6.001115802307234,False,True,collision,False,4,0.35,0.75,0.05,1
4.345833333333407,5.21460398131319,False,True,collision,False,4,0.35,0.75,0.05,2
1.8874999999999946,8.017653499810782,False,True,collision,False,4,0.35,0.65,0.03,1
10.766666666666376,0.09878154163638425,True,False,goal_reached,False,4,0.35,0.75,0.05,3
6.595833333333279,3.8624429795208526,False,True,collision,False,4,0.35,0.75,0.07,0
10.00416666666642,0.0994911336320787,True,False,goal_reached,False,4,0.35,0.75,0.07,1
10.087499999999748,1.6913696615530878,False,True,collision,False,4,0.35,0.75,0.07,2
3.629166666666742,6.0139432286486665,False,True,collision,False,4,0.35,0.75,0.07,3
7.799999999999877,3.176602758362547,False,True,collision,False,4,0.35,0.75,0.07,4
2.537500000000021,7.785886310667158,False,True,collision,False,4,0.45,0.35,0.03,0
3.2083333333333877,7.670512487931124,False,True,collision,False,4,0.45,0.35,0.03,1
2.099999999999999,7.573372086331536,False,True,collision,False,4,0.45,0.35,0.03,2
5.045833333333367,5.294642617952067,False,True,collision,False,4,0.45,0.35,0.03,3
9.333333333333124,1.5456557658688683,False,True,collision,False,4,0.45,0.35,0.03,4
10.687499999999714,2.0554486350372745,False,True,collision,False,4,0.45,0.35,0.05,0
3.8750000000000875,5.760576957006894,False,True,collision,False,4,0.45,0.35,0.05,1
3.32500000000006,7.240612894199454,False,True,collision,False,4,0.45,0.35,0.05,2
7.762499999999879,3.3943823361847953,False,True,collision,False,4,0.45,0.35,0.05,3
2.662500000000027,7.217535651593113,False,True,collision,False,4,0.45,0.35,0.05,4
14.574999999999493,0.09995810541318711,True,False,goal_reached,False,4,0.45,0.35,0.07,0
3.500000000000069,7.451274277110276,False,True,collision,False,4,0.45,0.35,0.07,1
4.508333333333398,6.084721241869654,False,True,collision,False,4,0.35,0.75,0.05,4
4.233333333333413,5.630282550486201,False,True,collision,False,4,0.45,0.35,0.07,2
6.099999999999974,5.220397720061069,False,True,collision,False,4,0.45,0.35,0.07,3
4.491666666666732,6.062177438435404,False,True,collision,False,4,0.45,0.35,0.07,4
4.000000000000093,5.537927870693563,False,True,collision,False,4,0.45,0.45,0.03,0
3.300000000000059,6.032475429339021,False,True,collision,False,4,0.45,0.45,0.03,2
7.041666666666587,5.233284048265884,False,True,collision,False,4,0.45,0.45,0.03,1
1.966666666666661,7.610555326250884,False,True,collision,False,4,0.45,0.45,0.03,3
3.229166666666722,7.712149879905626,False,True,collision,False,4,0.45,0.45,0.03,4
5.195833333333359,6.004434191569786,False,True,collision,False,4,0.45,0.45,0.05,0
13.670833333332878,1.686235048745814,False,True,collision,False,4,0.45,0.45,0.05,1
3.3708333333333957,5.73616218752807,False,True,collision,False,4,0.45,0.45,0.05,2
10.637499999999717,0.0998071675283063,True,False,goal_reached,False,4,0.45,0.45,0.05,3
5.429166666666679,6.148716257129133,False,True,collision,False,4,0.45,0.45,0.07,0
9.93333333333309,1.9790945701305276,False,True,collision,False,4,0.45,0.45,0.07,1
5.791666666666658,5.325172396388591,False,True,collision,False,4,0.45,0.45,0.05,4
7.433333333333231,3.217474454559259,False,True,collision,False,4,0.45,0.45,0.07,2
4.666666666666722,5.289437046466019,False,True,collision,False,4,0.45,0.45,0.07,3
7.037499999999921,3.663282873739925,False,True,collision,False,4,0.45,0.55,0.03,0
6.158333333333304,4.452883489560827,False,True,collision,False,4,0.45,0.55,0.03,1
6.187499999999969,6.021660506857371,False,True,collision,False,4,0.45,0.55,0.03,2
5.862499999999987,3.1989191428453267,False,True,collision,False,4,0.45,0.55,0.03,3
2.475000000000018,7.602462534969002,False,True,collision,False,4,0.45,0.55,0.03,4
12.954166666666252,0.09985126275601665,True,False,goal_reached,False,4,0.45,0.55,0.05,0
7.383333333333234,3.156558821341658,False,True,collision,False,4,0.45,0.55,0.05,1
8.87083333333315,3.544858964593516,False,True,collision,False,4,0.45,0.55,0.05,2
10.774999999999709,0.09888750531069376,True,False,goal_reached,False,4,0.45,0.55,0.05,3
13.774999999999539,0.09933124600586558,True,False,goal_reached,False,3,0.35,0.45,0.05,1
5.037500000000034,6.099143598219728,False,True,collision,False,4,0.45,0.55,0.07,0
10.562499999999721,0.09760313471790968,True,False,goal_reached,False,4,0.45,0.55,0.07,1
8.654166666666496,0.09914695938464821,True,False,goal_reached,False,4,0.45,0.55,0.07,2
12.883333333332923,1.8785676111702552,False,True,collision,False,4,0.45,0.55,0.07,3
5.533333333333339,5.363950865590401,False,True,collision,False,4,0.45,0.55,0.07,4
9.083333333333139,3.5335188931716486,False,True,collision,False,4,0.45,0.65,0.03,0
